file,line,type,commit,author,date,time,timezone,datetime,depth,length
style.css,1,css,356d1f69,dayoungin-ucsd,2026-04-10,18:37:49,-07:00,2026-04-10T18:37:49-07:00,0,4
style.css,2,css,c28bd9b9,dayoungin-ucsd,2026-04-10,19:35:34,-07:00,2026-04-10T19:35:34-07:00,2,31
style.css,3,css,356d1f69,dayoungin-ucsd,2026-04-10,18:37:49,-07:00,2026-04-10T18:37:49-07:00,0,0
style.css,4,css,356d1f69,dayoungin-ucsd,2026-04-10,18:37:49,-07:00,2026-04-10T18:37:49-07:00,0,0
style.css,5,css,356d1f69,dayoungin-ucsd,2026-04-10,18:37:49,-07:00,2026-04-10T18:37:49-07:00,0,3
style.css,6,css,356d1f69,dayoungin-ucsd,2026-04-10,18:37:49,-07:00,2026-04-10T18:37:49-07:00,2,32
style.css,7,css,76119952,dayoungin-ucsd,2026-04-17,03:12:33,-07:00,2026-04-17T03:12:33-07:00,2,23
style.css,8,css,356d1f69,dayoungin-ucsd,2026-04-10,18:37:49,-07:00,2026-04-10T18:37:49-07:00,0,0
style.css,9,css,356d1f69,dayoungin-ucsd,2026-04-10,18:37:49,-07:00,2026-04-10T18:37:49-07:00,0,0
style.css,10,css,f9caa545,dayoungin-ucsd,2026-04-01,21:58:55,-07:00,2026-04-01T21:58:55-07:00,0,3
style.css,11,css,f9caa545,dayoungin-ucsd,2026-04-01,21:58:55,-07:00,2026-04-01T21:58:55-07:00,2,23
style.css,12,css,9d81eba7,dayoungin-ucsd,2026-04-10,11:51:02,-07:00,2026-04-10T11:51:02-07:00,2,15
style.css,13,css,9d81eba7,dayoungin-ucsd,2026-04-10,11:51:02,-07:00,2026-04-10T11:51:02-07:00,2,11
style.css,14,css,31b06008,dayoungin-ucsd,2026-04-10,13:21:00,-07:00,2026-04-10T13:21:00-07:00,2,11
style.css,15,css,356d1f69,dayoungin-ucsd,2026-04-10,18:37:49,-07:00,2026-04-10T18:37:49-07:00,0,0
style.css,16,css,356d1f69,dayoungin-ucsd,2026-04-10,18:37:49,-07:00,2026-04-10T18:37:49-07:00,0,0
style.css,17,css,356d1f69,dayoungin-ucsd,2026-04-10,18:37:49,-07:00,2026-04-10T18:37:49-07:00,0,2
style.css,18,css,356d1f69,dayoungin-ucsd,2026-04-10,18:37:49,-07:00,2026-04-10T18:37:49-07:00,2,12
style.css,19,css,356d1f69,dayoungin-ucsd,2026-04-10,18:37:49,-07:00,2026-04-10T18:37:49-07:00,2,17
style.css,20,css,356d1f69,dayoungin-ucsd,2026-04-10,18:37:49,-07:00,2026-04-10T18:37:49-07:00,2,23
style.css,21,css,356d1f69,dayoungin-ucsd,2026-04-10,18:37:49,-07:00,2026-04-10T18:37:49-07:00,2,25
style.css,22,css,76119952,dayoungin-ucsd,2026-04-17,03:12:33,-07:00,2026-04-17T03:12:33-07:00,2,39
style.css,23,css,76119952,dayoungin-ucsd,2026-04-17,03:12:33,-07:00,2026-04-17T03:12:33-07:00,2,39
style.css,24,css,356d1f69,dayoungin-ucsd,2026-04-10,18:37:49,-07:00,2026-04-10T18:37:49-07:00,0,0
style.css,25,css,356d1f69,dayoungin-ucsd,2026-04-10,18:37:49,-07:00,2026-04-10T18:37:49-07:00,0,0
style.css,26,css,356d1f69,dayoungin-ucsd,2026-04-10,18:37:49,-07:00,2026-04-10T18:37:49-07:00,0,4
style.css,27,css,356d1f69,dayoungin-ucsd,2026-04-10,18:37:49,-07:00,2026-04-10T18:37:49-07:00,2,6
style.css,28,css,356d1f69,dayoungin-ucsd,2026-04-10,18:37:49,-07:00,2026-04-10T18:37:49-07:00,2,20
style.css,29,css,356d1f69,dayoungin-ucsd,2026-04-10,18:37:49,-07:00,2026-04-10T18:37:49-07:00,2,13
style.css,30,css,356d1f69,dayoungin-ucsd,2026-04-10,18:37:49,-07:00,2026-04-10T18:37:49-07:00,2,17
style.css,31,css,356d1f69,dayoungin-ucsd,2026-04-10,18:37:49,-07:00,2026-04-10T18:37:49-07:00,2,13
style.css,32,css,356d1f69,dayoungin-ucsd,2026-04-10,18:37:49,-07:00,2026-04-10T18:37:49-07:00,0,0
style.css,33,css,356d1f69,dayoungin-ucsd,2026-04-10,18:37:49,-07:00,2026-04-10T18:37:49-07:00,0,0
style.css,34,css,356d1f69,dayoungin-ucsd,2026-04-10,18:37:49,-07:00,2026-04-10T18:37:49-07:00,0,12
style.css,35,css,76119952,dayoungin-ucsd,2026-04-17,03:12:33,-07:00,2026-04-17T03:12:33-07:00,2,45
style.css,36,css,356d1f69,dayoungin-ucsd,2026-04-10,18:37:49,-07:00,2026-04-10T18:37:49-07:00,2,20
style.css,37,css,356d1f69,dayoungin-ucsd,2026-04-10,18:37:49,-07:00,2026-04-10T18:37:49-07:00,0,0
style.css,38,css,356d1f69,dayoungin-ucsd,2026-04-10,18:37:49,-07:00,2026-04-10T18:37:49-07:00,0,0
style.css,39,css,356d1f69,dayoungin-ucsd,2026-04-10,18:37:49,-07:00,2026-04-10T18:37:49-07:00,0,10
style.css,40,css,356d1f69,dayoungin-ucsd,2026-04-10,18:37:49,-07:00,2026-04-10T18:37:49-07:00,2,45
style.css,41,css,2d312c5d,dayoungin-ucsd,2026-04-17,03:15:05,-07:00,2026-04-17T03:15:05-07:00,2,69
style.css,42,css,586d7316,dayoungin-ucsd,2026-04-10,18:46:17,-07:00,2026-04-10T18:46:17-07:00,0,0
style.css,43,css,586d7316,dayoungin-ucsd,2026-04-10,18:46:17,-07:00,2026-04-10T18:46:17-07:00,0,0
style.css,44,css,9c70ce07,dayoungin-ucsd,2026-04-17,03:26:53,-07:00,2026-04-17T03:26:53-07:00,0,30
style.css,45,css,586d7316,dayoungin-ucsd,2026-04-10,18:46:17,-07:00,2026-04-10T18:46:17-07:00,2,12
style.css,46,css,5b7bf161,dayoungin-ucsd,2026-04-10,19:09:09,-07:00,2026-04-10T19:09:09-07:00,2,21
style.css,47,css,586d7316,dayoungin-ucsd,2026-04-10,18:46:17,-07:00,2026-04-10T18:46:17-07:00,0,0
style.css,48,css,586d7316,dayoungin-ucsd,2026-04-10,18:46:17,-07:00,2026-04-10T18:46:17-07:00,0,0
style.css,49,css,586d7316,dayoungin-ucsd,2026-04-10,18:46:17,-07:00,2026-04-10T18:46:17-07:00,0,4
style.css,50,css,c0e2eac8,dayoungin-ucsd,2026-04-10,18:59:08,-07:00,2026-04-10T18:59:08-07:00,2,12
style.css,51,css,10272278,dayoungin-ucsd,2026-04-10,19:53:44,-07:00,2026-04-10T19:53:44-07:00,2,29
style.css,52,css,10272278,dayoungin-ucsd,2026-04-10,19:53:44,-07:00,2026-04-10T19:53:44-07:00,2,18
style.css,53,css,c0e2eac8,dayoungin-ucsd,2026-04-10,18:59:08,-07:00,2026-04-10T18:59:08-07:00,0,0
style.css,54,css,c0e2eac8,dayoungin-ucsd,2026-04-10,18:59:08,-07:00,2026-04-10T18:59:08-07:00,0,0
style.css,55,css,c0e2eac8,dayoungin-ucsd,2026-04-10,18:59:08,-07:00,2026-04-10T18:59:08-07:00,0,3
style.css,56,css,c0e2eac8,dayoungin-ucsd,2026-04-10,18:59:08,-07:00,2026-04-10T18:59:08-07:00,2,12
style.css,57,css,c0e2eac8,dayoungin-ucsd,2026-04-10,18:59:08,-07:00,2026-04-10T18:59:08-07:00,2,30
style.css,58,css,5b7bf161,dayoungin-ucsd,2026-04-10,19:09:09,-07:00,2026-04-10T19:09:09-07:00,2,7
style.css,59,css,9852cc94,dayoungin-ucsd,2026-04-10,19:29:37,-07:00,2026-04-10T19:29:37-07:00,0,0
style.css,60,css,9852cc94,dayoungin-ucsd,2026-04-10,19:29:37,-07:00,2026-04-10T19:29:37-07:00,0,0
style.css,61,css,9852cc94,dayoungin-ucsd,2026-04-10,19:29:37,-07:00,2026-04-10T19:29:37-07:00,0,5
style.css,62,css,9852cc94,dayoungin-ucsd,2026-04-10,19:29:37,-07:00,2026-04-10T19:29:37-07:00,2,18
style.css,63,css,10dc3ee4,dayoungin-ucsd,2026-04-10,20:00:51,-07:00,2026-04-10T20:00:51-07:00,0,0
style.css,64,css,10dc3ee4,dayoungin-ucsd,2026-04-10,20:00:51,-07:00,2026-04-10T20:00:51-07:00,0,0
style.css,65,css,10dc3ee4,dayoungin-ucsd,2026-04-10,20:00:51,-07:00,2026-04-10T20:00:51-07:00,0,8
style.css,66,css,10dc3ee4,dayoungin-ucsd,2026-04-10,20:00:51,-07:00,2026-04-10T20:00:51-07:00,2,12
style.css,67,css,10dc3ee4,dayoungin-ucsd,2026-04-10,20:00:51,-07:00,2026-04-10T20:00:51-07:00,2,58
style.css,68,css,d08ce85f,dayoungin-ucsd,2026-04-10,20:18:13,-07:00,2026-04-10T20:18:13-07:00,2,7
style.css,69,css,028c5c86,dayoungin-ucsd,2026-04-10,20:13:22,-07:00,2026-04-10T20:13:22-07:00,0,0
style.css,70,css,d08ce85f,dayoungin-ucsd,2026-04-10,20:18:13,-07:00,2026-04-10T20:18:13-07:00,0,0
style.css,71,css,d08ce85f,dayoungin-ucsd,2026-04-10,20:18:13,-07:00,2026-04-10T20:18:13-07:00,0,16
style.css,72,css,d08ce85f,dayoungin-ucsd,2026-04-10,20:18:13,-07:00,2026-04-10T20:18:13-07:00,2,12
style.css,73,css,d08ce85f,dayoungin-ucsd,2026-04-10,20:18:13,-07:00,2026-04-10T20:18:13-07:00,2,26
style.css,74,css,d08ce85f,dayoungin-ucsd,2026-04-10,20:18:13,-07:00,2026-04-10T20:18:13-07:00,2,15
style.css,75,css,d08ce85f,dayoungin-ucsd,2026-04-10,20:18:13,-07:00,2026-04-10T20:18:13-07:00,0,0
style.css,76,css,d08ce85f,dayoungin-ucsd,2026-04-10,20:18:13,-07:00,2026-04-10T20:18:13-07:00,0,0
style.css,77,css,d08ce85f,dayoungin-ucsd,2026-04-10,20:18:13,-07:00,2026-04-10T20:18:13-07:00,0,11
style.css,78,css,d08ce85f,dayoungin-ucsd,2026-04-10,20:18:13,-07:00,2026-04-10T20:18:13-07:00,2,8
style.css,79,css,d08ce85f,dayoungin-ucsd,2026-04-10,20:18:13,-07:00,2026-04-10T20:18:13-07:00,0,0
style.css,80,css,d08ce85f,dayoungin-ucsd,2026-04-10,20:18:13,-07:00,2026-04-10T20:18:13-07:00,0,0
style.css,81,css,d08ce85f,dayoungin-ucsd,2026-04-10,20:18:13,-07:00,2026-04-10T20:18:13-07:00,0,1
style.css,82,css,d08ce85f,dayoungin-ucsd,2026-04-10,20:18:13,-07:00,2026-04-10T20:18:13-07:00,2,14
style.css,83,css,d08ce85f,dayoungin-ucsd,2026-04-10,20:18:13,-07:00,2026-04-10T20:18:13-07:00,0,0
style.css,84,css,d08ce85f,dayoungin-ucsd,2026-04-10,20:18:13,-07:00,2026-04-10T20:18:13-07:00,0,0
style.css,85,css,d08ce85f,dayoungin-ucsd,2026-04-10,20:18:13,-07:00,2026-04-10T20:18:13-07:00,0,21
style.css,86,css,d08ce85f,dayoungin-ucsd,2026-04-10,20:18:13,-07:00,2026-04-10T20:18:13-07:00,2,15
style.css,87,css,d08ce85f,dayoungin-ucsd,2026-04-10,20:18:13,-07:00,2026-04-10T20:18:13-07:00,2,17
style.css,88,css,8b0d30b8,dayoungin-ucsd,2026-04-10,20:29:29,-07:00,2026-04-10T20:29:29-07:00,0,0
style.css,89,css,8b0d30b8,dayoungin-ucsd,2026-04-10,20:29:29,-07:00,2026-04-10T20:29:29-07:00,0,0
style.css,90,css,8b0d30b8,dayoungin-ucsd,2026-04-10,20:29:29,-07:00,2026-04-10T20:29:29-07:00,0,6
style.css,91,css,8b0d30b8,dayoungin-ucsd,2026-04-10,20:29:29,-07:00,2026-04-10T20:29:29-07:00,2,17
style.css,92,css,8b0d30b8,dayoungin-ucsd,2026-04-10,20:29:29,-07:00,2026-04-10T20:29:29-07:00,0,0
style.css,93,css,8b0d30b8,dayoungin-ucsd,2026-04-10,20:29:29,-07:00,2026-04-10T20:29:29-07:00,0,0
style.css,94,css,8b0d30b8,dayoungin-ucsd,2026-04-10,20:29:29,-07:00,2026-04-10T20:29:29-07:00,0,3
style.css,95,css,8b0d30b8,dayoungin-ucsd,2026-04-10,20:29:29,-07:00,2026-04-10T20:29:29-07:00,2,10
style.css,96,css,8b0d30b8,dayoungin-ucsd,2026-04-10,20:29:29,-07:00,2026-04-10T20:29:29-07:00,2,15
style.css,97,css,8b0d30b8,dayoungin-ucsd,2026-04-10,20:29:29,-07:00,2026-04-10T20:29:29-07:00,0,0
style.css,98,css,8b0d30b8,dayoungin-ucsd,2026-04-10,20:29:29,-07:00,2026-04-10T20:29:29-07:00,0,0
style.css,99,css,8b0d30b8,dayoungin-ucsd,2026-04-10,20:29:29,-07:00,2026-04-10T20:29:29-07:00,0,1
style.css,100,css,8b0d30b8,dayoungin-ucsd,2026-04-10,20:29:29,-07:00,2026-04-10T20:29:29-07:00,2,18
style.css,101,css,8b0d30b8,dayoungin-ucsd,2026-04-10,20:29:29,-07:00,2026-04-10T20:29:29-07:00,0,0
style.css,102,css,8b0d30b8,dayoungin-ucsd,2026-04-10,20:29:29,-07:00,2026-04-10T20:29:29-07:00,0,0
style.css,103,css,8b0d30b8,dayoungin-ucsd,2026-04-10,20:29:29,-07:00,2026-04-10T20:29:29-07:00,0,1
style.css,104,css,8b0d30b8,dayoungin-ucsd,2026-04-10,20:29:29,-07:00,2026-04-10T20:29:29-07:00,2,41
style.css,105,css,8b0d30b8,dayoungin-ucsd,2026-04-10,20:29:29,-07:00,2026-04-10T20:29:29-07:00,2,20
style.css,106,css,8b0d30b8,dayoungin-ucsd,2026-04-10,20:29:29,-07:00,2026-04-10T20:29:29-07:00,0,0
style.css,107,css,8b0d30b8,dayoungin-ucsd,2026-04-10,20:29:29,-07:00,2026-04-10T20:29:29-07:00,0,0
style.css,108,css,8b0d30b8,dayoungin-ucsd,2026-04-10,20:29:29,-07:00,2026-04-10T20:29:29-07:00,0,6
style.css,109,css,8b0d30b8,dayoungin-ucsd,2026-04-10,20:29:29,-07:00,2026-04-10T20:29:29-07:00,2,17
style.css,110,css,76119952,dayoungin-ucsd,2026-04-17,03:12:33,-07:00,2026-04-17T03:12:33-07:00,0,0
style.css,111,css,76119952,dayoungin-ucsd,2026-04-17,03:12:33,-07:00,2026-04-17T03:12:33-07:00,0,0
style.css,112,css,9c70ce07,dayoungin-ucsd,2026-04-17,03:26:53,-07:00,2026-04-17T03:26:53-07:00,0,12
style.css,113,css,9c70ce07,dayoungin-ucsd,2026-04-17,03:26:53,-07:00,2026-04-17T03:26:53-07:00,2,17
style.css,114,css,9c70ce07,dayoungin-ucsd,2026-04-17,03:26:53,-07:00,2026-04-17T03:26:53-07:00,2,8
style.css,115,css,9c70ce07,dayoungin-ucsd,2026-04-17,03:26:53,-07:00,2026-04-17T03:26:53-07:00,2,10
style.css,116,css,9c70ce07,dayoungin-ucsd,2026-04-17,03:26:53,-07:00,2026-04-17T03:26:53-07:00,2,13
style.css,117,css,9225daa0,dayoungin-ucsd,2026-05-01,00:25:25,-07:00,2026-05-01T00:25:25-07:00,0,0
style.css,118,css,9225daa0,dayoungin-ucsd,2026-05-01,00:25:25,-07:00,2026-05-01T00:25:25-07:00,0,0
style.css,119,css,9225daa0,dayoungin-ucsd,2026-05-01,00:25:25,-07:00,2026-05-01T00:25:25-07:00,0,13
style.css,120,css,9225daa0,dayoungin-ucsd,2026-05-01,00:25:25,-07:00,2026-05-01T00:25:25-07:00,2,30
style.css,121,css,9225daa0,dayoungin-ucsd,2026-05-01,00:25:25,-07:00,2026-05-01T00:25:25-07:00,2,34
style.css,122,css,9225daa0,dayoungin-ucsd,2026-05-01,00:25:25,-07:00,2026-05-01T00:25:25-07:00,2,17
style.css,123,css,9225daa0,dayoungin-ucsd,2026-05-01,00:25:25,-07:00,2026-05-01T00:25:25-07:00,2,10
style.css,124,css,e9e60fa0,dayoungin-ucsd,2026-05-01,16:07:13,-07:00,2026-05-01T16:07:13-07:00,0,0
style.css,125,css,e9e60fa0,dayoungin-ucsd,2026-05-01,16:07:13,-07:00,2026-05-01T16:07:13-07:00,0,0
style.css,126,css,e9e60fa0,dayoungin-ucsd,2026-05-01,16:07:13,-07:00,2026-05-01T16:07:13-07:00,0,18
style.css,127,css,e9e60fa0,dayoungin-ucsd,2026-05-01,16:07:13,-07:00,2026-05-01T16:07:13-07:00,2,14
style.css,128,css,e9e60fa0,dayoungin-ucsd,2026-05-01,16:07:13,-07:00,2026-05-01T16:07:13-07:00,2,16
style.css,129,css,e9e60fa0,dayoungin-ucsd,2026-05-01,16:07:13,-07:00,2026-05-01T16:07:13-07:00,0,0
style.css,130,css,e9e60fa0,dayoungin-ucsd,2026-05-01,16:07:13,-07:00,2026-05-01T16:07:13-07:00,2,16
style.css,131,css,04d99cdf,dayoungin-ucsd,2026-05-01,16:14:52,-07:00,2026-05-01T16:14:52-07:00,0,0
style.css,132,css,04d99cdf,dayoungin-ucsd,2026-05-01,16:14:52,-07:00,2026-05-01T16:14:52-07:00,0,0
style.css,133,css,04d99cdf,dayoungin-ucsd,2026-05-01,16:14:52,-07:00,2026-05-01T16:14:52-07:00,0,7
style.css,134,css,04d99cdf,dayoungin-ucsd,2026-05-01,16:14:52,-07:00,2026-05-01T16:14:52-07:00,2,15
style.css,135,css,04d99cdf,dayoungin-ucsd,2026-05-01,16:14:52,-07:00,2026-05-01T16:14:52-07:00,2,9
style.css,136,css,04d99cdf,dayoungin-ucsd,2026-05-01,16:14:52,-07:00,2026-05-01T16:14:52-07:00,2,12
style.css,137,css,04d99cdf,dayoungin-ucsd,2026-05-01,16:14:52,-07:00,2026-05-01T16:14:52-07:00,2,57
style.css,138,css,04d99cdf,dayoungin-ucsd,2026-05-01,16:14:52,-07:00,2026-05-01T16:14:52-07:00,2,7
style.css,139,css,04d99cdf,dayoungin-ucsd,2026-05-01,16:14:52,-07:00,2026-05-01T16:14:52-07:00,2,6
style.css,140,css,04d99cdf,dayoungin-ucsd,2026-05-01,16:14:52,-07:00,2026-05-01T16:14:52-07:00,0,0
style.css,141,css,04d99cdf,dayoungin-ucsd,2026-05-01,16:14:52,-07:00,2026-05-01T16:14:52-07:00,0,0
style.css,142,css,04d99cdf,dayoungin-ucsd,2026-05-01,16:14:52,-07:00,2026-05-01T16:14:52-07:00,0,12
style.css,143,css,04d99cdf,dayoungin-ucsd,2026-05-01,16:14:52,-07:00,2026-05-01T16:14:52-07:00,2,12
style.css,144,css,04d99cdf,dayoungin-ucsd,2026-05-01,16:14:52,-07:00,2026-05-01T16:14:52-07:00,2,18
style.css,145,css,04d99cdf,dayoungin-ucsd,2026-05-01,16:14:52,-07:00,2026-05-01T16:14:52-07:00,2,9
style.css,146,css,04d99cdf,dayoungin-ucsd,2026-05-01,16:14:52,-07:00,2026-05-01T16:14:52-07:00,0,0
style.css,147,css,04d99cdf,dayoungin-ucsd,2026-05-01,16:14:52,-07:00,2026-05-01T16:14:52-07:00,0,0
style.css,148,css,04d99cdf,dayoungin-ucsd,2026-05-01,16:14:52,-07:00,2026-05-01T16:14:52-07:00,0,7
style.css,149,css,04d99cdf,dayoungin-ucsd,2026-05-01,16:14:52,-07:00,2026-05-01T16:14:52-07:00,2,20
style.css,150,css,04d99cdf,dayoungin-ucsd,2026-05-01,16:14:52,-07:00,2026-05-01T16:14:52-07:00,2,9
style.css,151,css,04d99cdf,dayoungin-ucsd,2026-05-01,16:14:52,-07:00,2026-05-01T16:14:52-07:00,2,10
style.css,152,css,04d99cdf,dayoungin-ucsd,2026-05-01,16:14:52,-07:00,2026-05-01T16:14:52-07:00,2,18
style.css,153,css,04d99cdf,dayoungin-ucsd,2026-05-01,16:14:52,-07:00,2026-05-01T16:14:52-07:00,2,29
style.css,154,css,04d99cdf,dayoungin-ucsd,2026-05-01,16:14:52,-07:00,2026-05-01T16:14:52-07:00,2,17
style.css,155,css,04d99cdf,dayoungin-ucsd,2026-05-01,16:14:52,-07:00,2026-05-01T16:14:52-07:00,0,0
style.css,156,css,04d99cdf,dayoungin-ucsd,2026-05-01,16:14:52,-07:00,2026-05-01T16:14:52-07:00,0,0
style.css,157,css,04d99cdf,dayoungin-ucsd,2026-05-01,16:14:52,-07:00,2026-05-01T16:14:52-07:00,0,10
style.css,158,css,04d99cdf,dayoungin-ucsd,2026-05-01,16:14:52,-07:00,2026-05-01T16:14:52-07:00,2,12
style.css,159,css,04d99cdf,dayoungin-ucsd,2026-05-01,16:14:52,-07:00,2026-05-01T16:14:52-07:00,2,18
style.css,160,css,04d99cdf,dayoungin-ucsd,2026-05-01,16:14:52,-07:00,2026-05-01T16:14:52-07:00,2,7
style.css,161,css,9fabcacf,dayoungin-ucsd,2026-05-01,16:50:58,-07:00,2026-05-01T16:50:58-07:00,0,0
style.css,162,css,9fabcacf,dayoungin-ucsd,2026-05-01,16:50:58,-07:00,2026-05-01T16:50:58-07:00,0,0
style.css,163,css,9fabcacf,dayoungin-ucsd,2026-05-01,16:50:58,-07:00,2026-05-01T16:50:58-07:00,0,17
style.css,164,css,9fabcacf,dayoungin-ucsd,2026-05-01,16:50:58,-07:00,2026-05-01T16:50:58-07:00,2,16
style.css,165,css,9fabcacf,dayoungin-ucsd,2026-05-01,16:50:58,-07:00,2026-05-01T16:50:58-07:00,4,11
style.css,166,css,9fabcacf,dayoungin-ucsd,2026-05-01,16:50:58,-07:00,2026-05-01T16:50:58-07:00,2,0
style.css,167,css,9fabcacf,dayoungin-ucsd,2026-05-01,16:50:58,-07:00,2026-05-01T16:50:58-07:00,0,0
style.css,168,css,9fabcacf,dayoungin-ucsd,2026-05-01,16:50:58,-07:00,2026-05-01T16:50:58-07:00,0,0
style.css,169,css,9fabcacf,dayoungin-ucsd,2026-05-01,16:50:58,-07:00,2026-05-01T16:50:58-07:00,0,4
style.css,170,css,9fabcacf,dayoungin-ucsd,2026-05-01,16:50:58,-07:00,2026-05-01T16:50:58-07:00,2,16
style.css,171,css,9fabcacf,dayoungin-ucsd,2026-05-01,16:50:58,-07:00,2026-05-01T16:50:58-07:00,2,14
style.css,172,css,9fabcacf,dayoungin-ucsd,2026-05-01,16:50:58,-07:00,2026-05-01T16:50:58-07:00,0,0
style.css,173,css,9fabcacf,dayoungin-ucsd,2026-05-01,16:50:58,-07:00,2026-05-01T16:50:58-07:00,0,0
style.css,174,css,9fabcacf,dayoungin-ucsd,2026-05-01,16:50:58,-07:00,2026-05-01T16:50:58-07:00,0,9
style.css,175,css,9fabcacf,dayoungin-ucsd,2026-05-01,16:50:58,-07:00,2026-05-01T16:50:58-07:00,2,35
style.css,176,css,9fabcacf,dayoungin-ucsd,2026-05-01,16:50:58,-07:00,2026-05-01T16:50:58-07:00,0,0
style.css,177,css,9fabcacf,dayoungin-ucsd,2026-05-01,16:50:58,-07:00,2026-05-01T16:50:58-07:00,2,10
style.css,178,css,9fabcacf,dayoungin-ucsd,2026-05-01,16:50:58,-07:00,2026-05-01T16:50:58-07:00,4,17
style.css,179,css,9fabcacf,dayoungin-ucsd,2026-05-01,16:50:58,-07:00,2026-05-01T16:50:58-07:00,2,0
style.css,180,css,9fabcacf,dayoungin-ucsd,2026-05-01,16:50:58,-07:00,2026-05-01T16:50:58-07:00,0,0
index.js,1,js,8a693eb8,dayoungin-ucsd,2026-04-24,17:34:27,-07:00,2026-04-24T17:34:27-07:00,0,71
index.js,2,js,efa413e2,dayoungin-ucsd,2026-04-24,16:31:17,-07:00,2026-04-24T16:31:17-07:00,0,0
index.js,3,js,efa413e2,dayoungin-ucsd,2026-04-24,16:31:17,-07:00,2026-04-24T16:31:17-07:00,0,54
index.js,4,js,efa413e2,dayoungin-ucsd,2026-04-24,16:31:17,-07:00,2026-04-24T16:31:17-07:00,0,42
index.js,5,js,efa413e2,dayoungin-ucsd,2026-04-24,16:31:17,-07:00,2026-04-24T16:31:17-07:00,0,60
index.js,6,js,efa413e2,dayoungin-ucsd,2026-04-24,16:31:17,-07:00,2026-04-24T16:31:17-07:00,0,0
index.js,7,js,efa413e2,dayoungin-ucsd,2026-04-24,16:31:17,-07:00,2026-04-24T16:31:17-07:00,0,54
index.js,8,js,8a693eb8,dayoungin-ucsd,2026-04-24,17:34:27,-07:00,2026-04-24T17:34:27-07:00,0,0
index.js,9,js,8a693eb8,dayoungin-ucsd,2026-04-24,17:34:27,-07:00,2026-04-24T17:34:27-07:00,0,57
index.js,10,js,730bef57,dayoungin-ucsd,2026-04-24,17:34:42,-07:00,2026-04-24T17:34:42-07:00,0,60
index.js,11,js,8a693eb8,dayoungin-ucsd,2026-04-24,17:34:27,-07:00,2026-04-24T17:34:27-07:00,0,0
index.js,12,js,730bef57,dayoungin-ucsd,2026-04-24,17:34:42,-07:00,2026-04-24T17:34:42-07:00,0,17
index.js,13,js,730bef57,dayoungin-ucsd,2026-04-24,17:34:42,-07:00,2026-04-24T17:34:42-07:00,1,24
index.js,14,js,730bef57,dayoungin-ucsd,2026-04-24,17:34:42,-07:00,2026-04-24T17:34:42-07:00,4,2
index.js,15,js,730bef57,dayoungin-ucsd,2026-04-24,17:34:42,-07:00,2026-04-24T17:34:42-07:00,5,55
index.js,16,js,730bef57,dayoungin-ucsd,2026-04-24,17:34:42,-07:00,2026-04-24T17:34:42-07:00,5,55
index.js,17,js,730bef57,dayoungin-ucsd,2026-04-24,17:34:42,-07:00,2026-04-24T17:34:42-07:00,5,49
index.js,18,js,730bef57,dayoungin-ucsd,2026-04-24,17:34:42,-07:00,2026-04-24T17:34:42-07:00,5,49
index.js,19,js,730bef57,dayoungin-ucsd,2026-04-24,17:34:42,-07:00,2026-04-24T17:34:42-07:00,4,3
index.js,20,js,730bef57,dayoungin-ucsd,2026-04-24,17:34:42,-07:00,2026-04-24T17:34:42-07:00,2,0
index.js,21,js,730bef57,dayoungin-ucsd,2026-04-24,17:34:42,-07:00,2026-04-24T17:34:42-07:00,0,0
index.html,1,html,36040b9d,dayoungin-ucsd,2026-04-01,21:45:38,-07:00,2026-04-01T21:45:38-07:00,0,13
index.html,2,html,36040b9d,dayoungin-ucsd,2026-04-01,21:45:38,-07:00,2026-04-01T21:45:38-07:00,0,14
index.html,3,html,36040b9d,dayoungin-ucsd,2026-04-01,21:45:38,-07:00,2026-04-01T21:45:38-07:00,0,4
index.html,4,html,36040b9d,dayoungin-ucsd,2026-04-01,21:45:38,-07:00,2026-04-01T21:45:38-07:00,2,20
index.html,5,html,36040b9d,dayoungin-ucsd,2026-04-01,21:45:38,-07:00,2026-04-01T21:45:38-07:00,2,68
index.html,6,html,36040b9d,dayoungin-ucsd,2026-04-01,21:45:38,-07:00,2026-04-01T21:45:38-07:00,2,52
index.html,7,html,57dbbb8a,dayoungin-ucsd,2026-04-01,22:01:49,-07:00,2026-04-01T22:01:49-07:00,2,38
index.html,8,html,36040b9d,dayoungin-ucsd,2026-04-01,21:45:38,-07:00,2026-04-01T21:45:38-07:00,0,5
index.html,9,html,36040b9d,dayoungin-ucsd,2026-04-01,21:45:38,-07:00,2026-04-01T21:45:38-07:00,0,4
index.html,10,html,36040b9d,dayoungin-ucsd,2026-04-01,21:45:38,-07:00,2026-04-01T21:45:38-07:00,2,17
index.html,11,html,36040b9d,dayoungin-ucsd,2026-04-01,21:45:38,-07:00,2026-04-01T21:45:38-07:00,2,89
index.html,12,html,9a0bc183,dayoungin-ucsd,2026-04-03,00:19:18,-07:00,2026-04-03T00:19:18-07:00,2,73
index.html,13,html,efa413e2,dayoungin-ucsd,2026-04-24,16:31:17,-07:00,2026-04-24T16:31:17-07:00,2,0
index.html,14,html,efa413e2,dayoungin-ucsd,2026-04-24,16:31:17,-07:00,2026-04-24T16:31:17-07:00,2,22
index.html,15,html,5f367b07,dayoungin-ucsd,2026-04-24,16:33:13,-07:00,2026-04-24T16:33:13-07:00,2,26
index.html,16,html,8a693eb8,dayoungin-ucsd,2026-04-24,17:34:27,-07:00,2026-04-24T17:34:27-07:00,0,0
index.html,17,html,8a693eb8,dayoungin-ucsd,2026-04-24,17:34:27,-07:00,2026-04-24T17:34:27-07:00,2,22
index.html,18,html,8a693eb8,dayoungin-ucsd,2026-04-24,17:34:27,-07:00,2026-04-24T17:34:27-07:00,2,28
index.html,19,html,8a693eb8,dayoungin-ucsd,2026-04-24,17:34:27,-07:00,2026-04-24T17:34:27-07:00,2,0
index.html,20,html,ef8f59fa,dayoungin-ucsd,2026-04-16,02:46:11,-07:00,2026-04-16T02:46:11-07:00,2,45
index.html,21,html,efa413e2,dayoungin-ucsd,2026-04-24,16:31:17,-07:00,2026-04-24T16:31:17-07:00,2,50
index.html,22,html,36040b9d,dayoungin-ucsd,2026-04-01,21:45:38,-07:00,2026-04-01T21:45:38-07:00,0,5
index.html,23,html,36040b9d,dayoungin-ucsd,2026-04-01,21:45:38,-07:00,2026-04-01T21:45:38-07:00,0,5
global.js,1,js,ef8f59fa,dayoungin-ucsd,2026-04-16,02:46:11,-07:00,2026-04-16T02:46:11-07:00,0,25
global.js,2,js,ef8f59fa,dayoungin-ucsd,2026-04-16,02:46:11,-07:00,2026-04-16T02:46:11-07:00,0,0
global.js,3,js,ef8f59fa,dayoungin-ucsd,2026-04-16,02:46:11,-07:00,2026-04-16T02:46:11-07:00,0,41
global.js,4,js,ef8f59fa,dayoungin-ucsd,2026-04-16,02:46:11,-07:00,2026-04-16T02:46:11-07:00,2,51
global.js,5,js,d7dff20c,dayoungin-ucsd,2026-04-16,03:02:43,-07:00,2026-04-16T03:02:43-07:00,0,0
global.js,6,js,d7dff20c,dayoungin-ucsd,2026-04-16,03:02:43,-07:00,2026-04-16T03:02:43-07:00,0,0
global.js,7,js,3f90ebfe,dayoungin-ucsd,2026-04-16,12:58:06,-07:00,2026-04-16T12:58:06-07:00,0,28
global.js,8,js,d7dff20c,dayoungin-ucsd,2026-04-16,03:02:43,-07:00,2026-04-16T03:02:43-07:00,0,0
global.js,9,js,3f90ebfe,dayoungin-ucsd,2026-04-16,12:58:06,-07:00,2026-04-16T12:58:06-07:00,0,33
global.js,10,js,3f90ebfe,dayoungin-ucsd,2026-04-16,12:58:06,-07:00,2026-04-16T12:58:06-07:00,0,73
global.js,11,js,3f90ebfe,dayoungin-ucsd,2026-04-16,12:58:06,-07:00,2026-04-16T12:58:06-07:00,0,3
global.js,12,js,d7dff20c,dayoungin-ucsd,2026-04-16,03:02:43,-07:00,2026-04-16T03:02:43-07:00,0,0
global.js,13,js,3f90ebfe,dayoungin-ucsd,2026-04-16,12:58:06,-07:00,2026-04-16T12:58:06-07:00,0,39
global.js,14,js,3f90ebfe,dayoungin-ucsd,2026-04-16,12:58:06,-07:00,2026-04-16T12:58:06-07:00,0,0
global.js,15,js,3f90ebfe,dayoungin-ucsd,2026-04-16,12:58:06,-07:00,2026-04-16T12:58:06-07:00,0,11
global.js,16,js,3f90ebfe,dayoungin-ucsd,2026-04-16,12:58:06,-07:00,2026-04-16T12:58:06-07:00,2,24
global.js,17,js,3f90ebfe,dayoungin-ucsd,2026-04-16,12:58:06,-07:00,2026-04-16T12:58:06-07:00,2,37
global.js,18,js,3f90ebfe,dayoungin-ucsd,2026-04-16,12:58:06,-07:00,2026-04-16T12:58:06-07:00,2,35
global.js,19,js,3f90ebfe,dayoungin-ucsd,2026-04-16,12:58:06,-07:00,2026-04-16T12:58:06-07:00,2,33
global.js,20,js,3f90ebfe,dayoungin-ucsd,2026-04-16,12:58:06,-07:00,2026-04-16T12:58:06-07:00,2,59
global.js,21,js,3f90ebfe,dayoungin-ucsd,2026-04-16,12:58:06,-07:00,2026-04-16T12:58:06-07:00,0,0
global.js,22,js,3f90ebfe,dayoungin-ucsd,2026-04-16,12:58:06,-07:00,2026-04-16T12:58:06-07:00,0,0
global.js,23,js,3f90ebfe,dayoungin-ucsd,2026-04-16,12:58:06,-07:00,2026-04-16T12:58:06-07:00,0,38
global.js,24,js,3f90ebfe,dayoungin-ucsd,2026-04-16,12:58:06,-07:00,2026-04-16T12:58:06-07:00,0,25
global.js,25,js,3f90ebfe,dayoungin-ucsd,2026-04-16,12:58:06,-07:00,2026-04-16T12:58:06-07:00,0,0
global.js,26,js,9c70ce07,dayoungin-ucsd,2026-04-17,03:26:53,-07:00,2026-04-17T03:26:53-07:00,0,31
global.js,27,js,9c70ce07,dayoungin-ucsd,2026-04-17,03:26:53,-07:00,2026-04-17T03:26:53-07:00,2,11
global.js,28,js,9c70ce07,dayoungin-ucsd,2026-04-17,03:26:53,-07:00,2026-04-17T03:26:53-07:00,2,0
global.js,29,js,9c70ce07,dayoungin-ucsd,2026-04-17,03:26:53,-07:00,2026-04-17T03:26:53-07:00,4,26
global.js,30,js,9c70ce07,dayoungin-ucsd,2026-04-17,03:26:53,-07:00,2026-04-17T03:26:53-07:00,6,4
global.js,31,js,9c70ce07,dayoungin-ucsd,2026-04-17,03:26:53,-07:00,2026-04-17T03:26:53-07:00,6,6
global.js,32,js,9c70ce07,dayoungin-ucsd,2026-04-17,03:26:53,-07:00,2026-04-17T03:26:53-07:00,8,43
global.js,33,js,9c70ce07,dayoungin-ucsd,2026-04-17,03:26:53,-07:00,2026-04-17T03:26:53-07:00,8,34
global.js,34,js,9c70ce07,dayoungin-ucsd,2026-04-17,03:26:53,-07:00,2026-04-17T03:26:53-07:00,8,32
global.js,35,js,9c70ce07,dayoungin-ucsd,2026-04-17,03:26:53,-07:00,2026-04-17T03:26:53-07:00,6,7
global.js,36,js,9c70ce07,dayoungin-ucsd,2026-04-17,03:26:53,-07:00,2026-04-17T03:26:53-07:00,4,8
global.js,37,js,9c70ce07,dayoungin-ucsd,2026-04-17,03:26:53,-07:00,2026-04-17T03:26:53-07:00,0,0
global.js,38,js,9c70ce07,dayoungin-ucsd,2026-04-17,03:26:53,-07:00,2026-04-17T03:26:53-07:00,0,0
global.js,39,js,47fae255,dayoungin-ucsd,2026-04-17,02:31:44,-07:00,2026-04-17T02:31:44-07:00,0,88
global.js,40,js,47fae255,dayoungin-ucsd,2026-04-17,02:31:44,-07:00,2026-04-17T02:31:44-07:00,2,3
global.js,41,js,47fae255,dayoungin-ucsd,2026-04-17,02:31:44,-07:00,2026-04-17T02:31:44-07:00,2,21
global.js,42,js,47fae255,dayoungin-ucsd,2026-04-17,02:31:44,-07:00,2026-04-17T02:31:44-07:00,0,0
global.js,43,js,3f90ebfe,dayoungin-ucsd,2026-04-16,12:58:06,-07:00,2026-04-16T12:58:06-07:00,0,20
global.js,44,js,3f90ebfe,dayoungin-ucsd,2026-04-16,12:58:06,-07:00,2026-04-16T12:58:06-07:00,2,14
global.js,45,js,3f90ebfe,dayoungin-ucsd,2026-04-16,12:58:06,-07:00,2026-04-16T12:58:06-07:00,2,18
global.js,46,js,47fae255,dayoungin-ucsd,2026-04-17,02:31:44,-07:00,2026-04-17T02:31:44-07:00,0,0
global.js,47,js,47fae255,dayoungin-ucsd,2026-04-17,02:31:44,-07:00,2026-04-17T02:31:44-07:00,2,28
global.js,48,js,47fae255,dayoungin-ucsd,2026-04-17,02:31:44,-07:00,2026-04-17T02:31:44-07:00,4,20
global.js,49,js,47fae255,dayoungin-ucsd,2026-04-17,02:31:44,-07:00,2026-04-17T02:31:44-07:00,2,0
global.js,50,js,4609e5e1,dayoungin-ucsd,2026-04-17,01:59:01,-07:00,2026-04-17T01:59:01-07:00,2,0
global.js,51,js,01635873,dayoungin-ucsd,2026-04-17,02:34:49,-07:00,2026-04-17T02:34:49-07:00,2,70
global.js,52,js,01635873,dayoungin-ucsd,2026-04-17,02:34:49,-07:00,2026-04-17T02:34:49-07:00,2,34
global.js,53,js,01635873,dayoungin-ucsd,2026-04-17,02:34:49,-07:00,2026-04-17T02:34:49-07:00,2,11
global.js,54,js,01635873,dayoungin-ucsd,2026-04-17,02:34:49,-07:00,2026-04-17T02:34:49-07:00,2,20
global.js,55,js,aca11583,dayoungin-ucsd,2026-04-17,03:06:36,-07:00,2026-04-17T03:06:36-07:00,0,0
global.js,56,js,aca11583,dayoungin-ucsd,2026-04-17,03:06:36,-07:00,2026-04-17T03:06:36-07:00,2,65
global.js,57,js,aca11583,dayoungin-ucsd,2026-04-17,03:06:36,-07:00,2026-04-17T03:06:36-07:00,4,25
global.js,58,js,aca11583,dayoungin-ucsd,2026-04-17,03:06:36,-07:00,2026-04-17T03:06:36-07:00,2,0
global.js,59,js,aca11583,dayoungin-ucsd,2026-04-17,03:06:36,-07:00,2026-04-17T03:06:36-07:00,0,0
global.js,60,js,aca11583,dayoungin-ucsd,2026-04-17,03:06:36,-07:00,2026-04-17T03:06:36-07:00,2,29
global.js,61,js,aca11583,dayoungin-ucsd,2026-04-17,03:06:36,-07:00,2026-04-17T03:06:36-07:00,4,18
global.js,62,js,aca11583,dayoungin-ucsd,2026-04-17,03:06:36,-07:00,2026-04-17T03:06:36-07:00,2,0
global.js,63,js,aca11583,dayoungin-ucsd,2026-04-17,03:06:36,-07:00,2026-04-17T03:06:36-07:00,0,0
global.js,64,js,01635873,dayoungin-ucsd,2026-04-17,02:34:49,-07:00,2026-04-17T02:34:49-07:00,2,12
global.js,65,js,9c70ce07,dayoungin-ucsd,2026-04-17,03:26:53,-07:00,2026-04-17T03:26:53-07:00,0,0
global.js,66,js,9c70ce07,dayoungin-ucsd,2026-04-17,03:26:53,-07:00,2026-04-17T03:26:53-07:00,0,0
global.js,67,js,9c70ce07,dayoungin-ucsd,2026-04-17,03:26:53,-07:00,2026-04-17T03:26:53-07:00,0,44
global.js,68,js,9c70ce07,dayoungin-ucsd,2026-04-17,03:26:53,-07:00,2026-04-17T03:26:53-07:00,0,0
global.js,69,js,9c70ce07,dayoungin-ucsd,2026-04-17,03:26:53,-07:00,2026-04-17T03:26:53-07:00,0,49
global.js,70,js,9c70ce07,dayoungin-ucsd,2026-04-17,03:26:53,-07:00,2026-04-17T03:26:53-07:00,2,57
global.js,71,js,deba60e3,dayoungin-ucsd,2026-04-17,03:28:19,-07:00,2026-04-17T03:28:19-07:00,0,0
global.js,72,js,deba60e3,dayoungin-ucsd,2026-04-17,03:28:19,-07:00,2026-04-17T03:28:19-07:00,2,77
global.js,73,js,1aed1a4c,dayoungin-ucsd,2026-04-17,03:31:32,-07:00,2026-04-17T03:31:32-07:00,0,0
global.js,74,js,1aed1a4c,dayoungin-ucsd,2026-04-17,03:31:32,-07:00,2026-04-17T03:31:32-07:00,2,44
global.js,75,js,1aed1a4c,dayoungin-ucsd,2026-04-17,03:31:32,-07:00,2026-04-17T03:31:32-07:00,0,1
global.js,76,js,1aed1a4c,dayoungin-ucsd,2026-04-17,03:31:32,-07:00,2026-04-17T03:31:32-07:00,0,0
global.js,77,js,1aed1a4c,dayoungin-ucsd,2026-04-17,03:31:32,-07:00,2026-04-17T03:31:32-07:00,0,34
global.js,78,js,1aed1a4c,dayoungin-ucsd,2026-04-17,03:31:32,-07:00,2026-04-17T03:31:32-07:00,2,83
global.js,79,js,1aed1a4c,dayoungin-ucsd,2026-04-17,03:31:32,-07:00,2026-04-17T03:31:32-07:00,0,0
global.js,80,js,78a1c376,dayoungin-ucsd,2026-04-17,03:33:04,-07:00,2026-04-17T03:33:04-07:00,2,38
global.js,81,js,aa356d02,dayoungin-ucsd,2026-04-17,15:08:18,-07:00,2026-04-17T15:08:18-07:00,0,0
global.js,82,js,aa356d02,dayoungin-ucsd,2026-04-17,15:08:18,-07:00,2026-04-17T15:08:18-07:00,0,0
global.js,83,js,aa356d02,dayoungin-ucsd,2026-04-17,15:08:18,-07:00,2026-04-17T15:08:18-07:00,0,40
global.js,84,js,aa356d02,dayoungin-ucsd,2026-04-17,15:08:18,-07:00,2026-04-17T15:08:18-07:00,0,0
global.js,85,js,aa356d02,dayoungin-ucsd,2026-04-17,15:08:18,-07:00,2026-04-17T15:08:18-07:00,0,49
global.js,86,js,aa356d02,dayoungin-ucsd,2026-04-17,15:08:18,-07:00,2026-04-17T15:08:18-07:00,2,21
global.js,87,js,aa356d02,dayoungin-ucsd,2026-04-17,15:08:18,-07:00,2026-04-17T15:08:18-07:00,2,0
global.js,88,js,aa356d02,dayoungin-ucsd,2026-04-17,15:08:18,-07:00,2026-04-17T15:08:18-07:00,2,28
global.js,89,js,aa356d02,dayoungin-ucsd,2026-04-17,15:08:18,-07:00,2026-04-17T15:08:18-07:00,2,26
global.js,90,js,aa356d02,dayoungin-ucsd,2026-04-17,15:08:18,-07:00,2026-04-17T15:08:18-07:00,0,0
global.js,91,js,aa356d02,dayoungin-ucsd,2026-04-17,15:08:18,-07:00,2026-04-17T15:08:18-07:00,2,31
global.js,92,js,aa356d02,dayoungin-ucsd,2026-04-17,15:08:18,-07:00,2026-04-17T15:08:18-07:00,4,45
global.js,93,js,aa356d02,dayoungin-ucsd,2026-04-17,15:08:18,-07:00,2026-04-17T15:08:18-07:00,2,0
global.js,94,js,aa356d02,dayoungin-ucsd,2026-04-17,15:08:18,-07:00,2026-04-17T15:08:18-07:00,0,0
global.js,95,js,aa356d02,dayoungin-ucsd,2026-04-17,15:08:18,-07:00,2026-04-17T15:08:18-07:00,2,18
global.js,96,js,4020baba,dayoungin-ucsd,2026-04-24,11:52:32,-07:00,2026-04-24T11:52:32-07:00,0,1
global.js,97,js,4020baba,dayoungin-ucsd,2026-04-24,11:52:32,-07:00,2026-04-24T11:52:32-07:00,0,0
global.js,98,js,4020baba,dayoungin-ucsd,2026-04-24,11:52:32,-07:00,2026-04-24T11:52:32-07:00,0,36
global.js,99,js,4020baba,dayoungin-ucsd,2026-04-24,11:52:32,-07:00,2026-04-24T11:52:32-07:00,1,3
global.js,100,js,4020baba,dayoungin-ucsd,2026-04-24,11:52:32,-07:00,2026-04-24T11:52:32-07:00,2,39
global.js,101,js,4020baba,dayoungin-ucsd,2026-04-24,11:52:32,-07:00,2026-04-24T11:52:32-07:00,2,32
global.js,102,js,4020baba,dayoungin-ucsd,2026-04-24,11:52:32,-07:00,2026-04-24T11:52:32-07:00,1,0
global.js,103,js,4020baba,dayoungin-ucsd,2026-04-24,11:52:32,-07:00,2026-04-24T11:52:32-07:00,2,17
global.js,104,js,5577f8cf,dayoungin-ucsd,2026-04-24,12:07:12,-07:00,2026-04-24T12:07:12-07:00,4,66
global.js,105,js,4020baba,dayoungin-ucsd,2026-04-24,11:52:32,-07:00,2026-04-24T11:52:32-07:00,2,0
global.js,106,js,4020baba,dayoungin-ucsd,2026-04-24,11:52:32,-07:00,2026-04-24T11:52:32-07:00,0,0
global.js,107,js,4020baba,dayoungin-ucsd,2026-04-24,11:52:32,-07:00,2026-04-24T11:52:32-07:00,2,33
global.js,108,js,4020baba,dayoungin-ucsd,2026-04-24,11:52:32,-07:00,2026-04-24T11:52:32-07:00,2,10
global.js,109,js,4020baba,dayoungin-ucsd,2026-04-24,11:52:32,-07:00,2026-04-24T11:52:32-07:00,2,0
global.js,110,js,4020baba,dayoungin-ucsd,2026-04-24,11:52:32,-07:00,2026-04-24T11:52:32-07:00,0,15
global.js,111,js,4020baba,dayoungin-ucsd,2026-04-24,11:52:32,-07:00,2026-04-24T11:52:32-07:00,2,59
global.js,112,js,4020baba,dayoungin-ucsd,2026-04-24,11:52:32,-07:00,2026-04-24T11:52:32-07:00,1,0
global.js,113,js,4020baba,dayoungin-ucsd,2026-04-24,11:52:32,-07:00,2026-04-24T11:52:32-07:00,0,0
global.js,114,js,4020baba,dayoungin-ucsd,2026-04-24,11:52:32,-07:00,2026-04-24T11:52:32-07:00,0,0
global.js,115,js,5b2e3951,dayoungin-ucsd,2026-04-24,12:22:01,-07:00,2026-04-24T12:22:01-07:00,0,79
global.js,116,js,4020baba,dayoungin-ucsd,2026-04-24,11:52:32,-07:00,2026-04-24T11:52:32-07:00,2,30
global.js,117,js,4020baba,dayoungin-ucsd,2026-04-24,11:52:32,-07:00,2026-04-24T11:52:32-07:00,0,0
global.js,118,js,4020baba,dayoungin-ucsd,2026-04-24,11:52:32,-07:00,2026-04-24T11:52:32-07:00,2,29
global.js,119,js,4020baba,dayoungin-ucsd,2026-04-24,11:52:32,-07:00,2026-04-24T11:52:32-07:00,4,48
global.js,120,js,4020baba,dayoungin-ucsd,2026-04-24,11:52:32,-07:00,2026-04-24T11:52:32-07:00,0,0
global.js,121,js,4020baba,dayoungin-ucsd,2026-04-24,11:52:32,-07:00,2026-04-24T11:52:32-07:00,4,19
global.js,122,js,4020baba,dayoungin-ucsd,2026-04-24,11:52:32,-07:00,2026-04-24T11:52:32-07:00,6,49
global.js,123,js,4020baba,dayoungin-ucsd,2026-04-24,11:52:32,-07:00,2026-04-24T11:52:32-07:00,6,49
global.js,124,js,9225daa0,dayoungin-ucsd,2026-05-01,00:25:25,-07:00,2026-05-01T00:25:25-07:00,6,3
global.js,125,js,9225daa0,dayoungin-ucsd,2026-05-01,00:25:25,-07:00,2026-05-01T00:25:25-07:00,8,27
global.js,126,js,9225daa0,dayoungin-ucsd,2026-05-01,00:25:25,-07:00,2026-05-01T00:25:25-07:00,8,44
global.js,127,js,9225daa0,dayoungin-ucsd,2026-05-01,00:25:25,-07:00,2026-05-01T00:25:25-07:00,6,4
global.js,128,js,4020baba,dayoungin-ucsd,2026-04-24,11:52:32,-07:00,2026-04-24T11:52:32-07:00,4,0
global.js,129,js,4020baba,dayoungin-ucsd,2026-04-24,11:52:32,-07:00,2026-04-24T11:52:32-07:00,0,0
global.js,130,js,4020baba,dayoungin-ucsd,2026-04-24,11:52:32,-07:00,2026-04-24T11:52:32-07:00,4,36
global.js,131,js,4020baba,dayoungin-ucsd,2026-04-24,11:52:32,-07:00,2026-04-24T11:52:32-07:00,2,0
global.js,132,js,8a693eb8,dayoungin-ucsd,2026-04-24,17:34:27,-07:00,2026-04-24T17:34:27-07:00,0,0
global.js,133,js,8a693eb8,dayoungin-ucsd,2026-04-24,17:34:27,-07:00,2026-04-24T17:34:27-07:00,0,0
global.js,134,js,8a693eb8,dayoungin-ucsd,2026-04-24,17:34:27,-07:00,2026-04-24T17:34:27-07:00,0,47
global.js,135,js,8a693eb8,dayoungin-ucsd,2026-04-24,17:34:27,-07:00,2026-04-24T17:34:27-07:00,2,59
global.js,136,js,5aebcffc,dayoungin-ucsd,2026-04-24,12:28:42,-07:00,2026-04-24T12:28:42-07:00,0,0
resume/index.html,1,html,406b107f,dayoungin-ucsd,2026-04-03,00:39:30,-07:00,2026-04-03T00:39:30-07:00,0,13
resume/index.html,2,html,406b107f,dayoungin-ucsd,2026-04-03,00:39:30,-07:00,2026-04-03T00:39:30-07:00,0,14
resume/index.html,3,html,406b107f,dayoungin-ucsd,2026-04-03,00:39:30,-07:00,2026-04-03T00:39:30-07:00,0,4
resume/index.html,4,html,406b107f,dayoungin-ucsd,2026-04-03,00:39:30,-07:00,2026-04-03T00:39:30-07:00,2,20
resume/index.html,5,html,406b107f,dayoungin-ucsd,2026-04-03,00:39:30,-07:00,2026-04-03T00:39:30-07:00,2,68
resume/index.html,6,html,406b107f,dayoungin-ucsd,2026-04-03,00:39:30,-07:00,2026-04-03T00:39:30-07:00,2,32
resume/index.html,7,html,406b107f,dayoungin-ucsd,2026-04-03,00:39:30,-07:00,2026-04-03T00:39:30-07:00,2,41
resume/index.html,8,html,406b107f,dayoungin-ucsd,2026-04-03,00:39:30,-07:00,2026-04-03T00:39:30-07:00,0,5
resume/index.html,9,html,406b107f,dayoungin-ucsd,2026-04-03,00:39:30,-07:00,2026-04-03T00:39:30-07:00,0,4
resume/index.html,10,html,ef8f59fa,dayoungin-ucsd,2026-04-16,02:46:11,-07:00,2026-04-16T02:46:11-07:00,2,26
resume/index.html,11,html,406b107f,dayoungin-ucsd,2026-04-03,00:39:30,-07:00,2026-04-03T00:39:30-07:00,0,0
resume/index.html,12,html,ef8f59fa,dayoungin-ucsd,2026-04-16,02:46:11,-07:00,2026-04-16T02:46:11-07:00,2,16
resume/index.html,13,html,ef8f59fa,dayoungin-ucsd,2026-04-16,02:46:11,-07:00,2026-04-16T02:46:11-07:00,2,7
resume/index.html,14,html,ef8f59fa,dayoungin-ucsd,2026-04-16,02:46:11,-07:00,2026-04-16T02:46:11-07:00,4,16
resume/index.html,15,html,ef8f59fa,dayoungin-ucsd,2026-04-16,02:46:11,-07:00,2026-04-16T02:46:11-07:00,4,7
resume/index.html,16,html,ef8f59fa,dayoungin-ucsd,2026-04-16,02:46:11,-07:00,2026-04-16T02:46:11-07:00,6,22
resume/index.html,17,html,ef8f59fa,dayoungin-ucsd,2026-04-16,02:46:11,-07:00,2026-04-16T02:46:11-07:00,6,36
resume/index.html,18,html,ef8f59fa,dayoungin-ucsd,2026-04-16,02:46:11,-07:00,2026-04-16T02:46:11-07:00,6,22
resume/index.html,19,html,ef8f59fa,dayoungin-ucsd,2026-04-16,02:46:11,-07:00,2026-04-16T02:46:11-07:00,4,8
resume/index.html,20,html,ef8f59fa,dayoungin-ucsd,2026-04-16,02:46:11,-07:00,2026-04-16T02:46:11-07:00,4,0
resume/index.html,21,html,ef8f59fa,dayoungin-ucsd,2026-04-16,02:46:11,-07:00,2026-04-16T02:46:11-07:00,4,7
resume/index.html,22,html,ef8f59fa,dayoungin-ucsd,2026-04-16,02:46:11,-07:00,2026-04-16T02:46:11-07:00,6,42
resume/index.html,23,html,ef8f59fa,dayoungin-ucsd,2026-04-16,02:46:11,-07:00,2026-04-16T02:46:11-07:00,6,25
resume/index.html,24,html,ef8f59fa,dayoungin-ucsd,2026-04-16,02:46:11,-07:00,2026-04-16T02:46:11-07:00,6,22
resume/index.html,25,html,ef8f59fa,dayoungin-ucsd,2026-04-16,02:46:11,-07:00,2026-04-16T02:46:11-07:00,4,8
resume/index.html,26,html,ef8f59fa,dayoungin-ucsd,2026-04-16,02:46:11,-07:00,2026-04-16T02:46:11-07:00,2,8
resume/index.html,27,html,406b107f,dayoungin-ucsd,2026-04-03,00:39:30,-07:00,2026-04-03T00:39:30-07:00,0,0
resume/index.html,28,html,ef8f59fa,dayoungin-ucsd,2026-04-16,02:46:11,-07:00,2026-04-16T02:46:11-07:00,2,17
resume/index.html,29,html,ef8f59fa,dayoungin-ucsd,2026-04-16,02:46:11,-07:00,2026-04-16T02:46:11-07:00,2,7
resume/index.html,30,html,ef8f59fa,dayoungin-ucsd,2026-04-16,02:46:11,-07:00,2026-04-16T02:46:11-07:00,4,17
resume/index.html,31,html,406b107f,dayoungin-ucsd,2026-04-03,00:39:30,-07:00,2026-04-03T00:39:30-07:00,0,0
resume/index.html,32,html,ef8f59fa,dayoungin-ucsd,2026-04-16,02:46:11,-07:00,2026-04-16T02:46:11-07:00,4,7
resume/index.html,33,html,ef8f59fa,dayoungin-ucsd,2026-04-16,02:46:11,-07:00,2026-04-16T02:46:11-07:00,6,21
resume/index.html,34,html,ef8f59fa,dayoungin-ucsd,2026-04-16,02:46:11,-07:00,2026-04-16T02:46:11-07:00,6,55
resume/index.html,35,html,ef8f59fa,dayoungin-ucsd,2026-04-16,02:46:11,-07:00,2026-04-16T02:46:11-07:00,6,22
resume/index.html,36,html,ef8f59fa,dayoungin-ucsd,2026-04-16,02:46:11,-07:00,2026-04-16T02:46:11-07:00,4,8
resume/index.html,37,html,406b107f,dayoungin-ucsd,2026-04-03,00:39:30,-07:00,2026-04-03T00:39:30-07:00,0,0
resume/index.html,38,html,ef8f59fa,dayoungin-ucsd,2026-04-16,02:46:11,-07:00,2026-04-16T02:46:11-07:00,2,8
resume/index.html,39,html,406b107f,dayoungin-ucsd,2026-04-03,00:39:30,-07:00,2026-04-03T00:39:30-07:00,0,0
resume/index.html,40,html,ef8f59fa,dayoungin-ucsd,2026-04-16,02:46:11,-07:00,2026-04-16T02:46:11-07:00,2,13
resume/index.html,41,html,ef8f59fa,dayoungin-ucsd,2026-04-16,02:46:11,-07:00,2026-04-16T02:46:11-07:00,2,7
resume/index.html,42,html,ef8f59fa,dayoungin-ucsd,2026-04-16,02:46:11,-07:00,2026-04-16T02:46:11-07:00,4,13
resume/index.html,43,html,ef8f59fa,dayoungin-ucsd,2026-04-16,02:46:11,-07:00,2026-04-16T02:46:11-07:00,4,2
resume/index.html,44,html,ef8f59fa,dayoungin-ucsd,2026-04-16,02:46:11,-07:00,2026-04-16T02:46:11-07:00,6,13
resume/index.html,45,html,ef8f59fa,dayoungin-ucsd,2026-04-16,02:46:11,-07:00,2026-04-16T02:46:11-07:00,6,17
resume/index.html,46,html,ef8f59fa,dayoungin-ucsd,2026-04-16,02:46:11,-07:00,2026-04-16T02:46:11-07:00,4,3
resume/index.html,47,html,ef8f59fa,dayoungin-ucsd,2026-04-16,02:46:11,-07:00,2026-04-16T02:46:11-07:00,2,8
resume/index.html,48,html,406b107f,dayoungin-ucsd,2026-04-03,00:39:30,-07:00,2026-04-03T00:39:30-07:00,0,0
resume/index.html,49,html,ef8f59fa,dayoungin-ucsd,2026-04-16,02:46:11,-07:00,2026-04-16T02:46:11-07:00,2,12
resume/index.html,50,html,ef8f59fa,dayoungin-ucsd,2026-04-16,02:46:11,-07:00,2026-04-16T02:46:11-07:00,2,7
resume/index.html,51,html,ef8f59fa,dayoungin-ucsd,2026-04-16,02:46:11,-07:00,2026-04-16T02:46:11-07:00,4,12
resume/index.html,52,html,ef8f59fa,dayoungin-ucsd,2026-04-16,02:46:11,-07:00,2026-04-16T02:46:11-07:00,4,1
resume/index.html,53,html,ef8f59fa,dayoungin-ucsd,2026-04-16,02:46:11,-07:00,2026-04-16T02:46:11-07:00,6,5
resume/index.html,54,html,ef8f59fa,dayoungin-ucsd,2026-04-16,02:46:11,-07:00,2026-04-16T02:46:11-07:00,6,58
resume/index.html,55,html,ef8f59fa,dayoungin-ucsd,2026-04-16,02:46:11,-07:00,2026-04-16T02:46:11-07:00,8,23
resume/index.html,56,html,ef8f59fa,dayoungin-ucsd,2026-04-16,02:46:11,-07:00,2026-04-16T02:46:11-07:00,6,2
resume/index.html,57,html,ef8f59fa,dayoungin-ucsd,2026-04-16,02:46:11,-07:00,2026-04-16T02:46:11-07:00,4,2
resume/index.html,58,html,ef8f59fa,dayoungin-ucsd,2026-04-16,02:46:11,-07:00,2026-04-16T02:46:11-07:00,2,8
resume/index.html,59,html,406b107f,dayoungin-ucsd,2026-04-03,00:39:30,-07:00,2026-04-03T00:39:30-07:00,0,0
resume/index.html,60,html,ef8f59fa,dayoungin-ucsd,2026-04-16,02:46:11,-07:00,2026-04-16T02:46:11-07:00,2,48
resume/index.html,61,html,406b107f,dayoungin-ucsd,2026-04-03,00:39:30,-07:00,2026-04-03T00:39:30-07:00,0,5
resume/index.html,62,html,ef8f59fa,dayoungin-ucsd,2026-04-16,02:46:11,-07:00,2026-04-16T02:46:11-07:00,0,0
resume/index.html,63,html,406b107f,dayoungin-ucsd,2026-04-03,00:39:30,-07:00,2026-04-03T00:39:30-07:00,0,5
projects/projects.js,1,js,4020baba,dayoungin-ucsd,2026-04-24,11:52:32,-07:00,2026-04-24T11:52:32-07:00,0,55
projects/projects.js,2,js,e9e60fa0,dayoungin-ucsd,2026-05-01,16:07:13,-07:00,2026-05-01T16:07:13-07:00,0,63
projects/projects.js,3,js,4020baba,dayoungin-ucsd,2026-04-24,11:52:32,-07:00,2026-04-24T11:52:32-07:00,0,0
projects/projects.js,4,js,4020baba,dayoungin-ucsd,2026-04-24,11:52:32,-07:00,2026-04-24T11:52:32-07:00,0,55
projects/projects.js,5,js,4020baba,dayoungin-ucsd,2026-04-24,11:52:32,-07:00,2026-04-24T11:52:32-07:00,0,0
projects/projects.js,6,js,4020baba,dayoungin-ucsd,2026-04-24,11:52:32,-07:00,2026-04-24T11:52:32-07:00,0,60
projects/projects.js,7,js,4020baba,dayoungin-ucsd,2026-04-24,11:52:32,-07:00,2026-04-24T11:52:32-07:00,0,0
projects/projects.js,8,js,5aebcffc,dayoungin-ucsd,2026-04-24,12:28:42,-07:00,2026-04-24T12:28:42-07:00,0,48
projects/projects.js,9,js,5aebcffc,dayoungin-ucsd,2026-04-24,12:28:42,-07:00,2026-04-24T12:28:42-07:00,0,0
projects/projects.js,10,js,5aebcffc,dayoungin-ucsd,2026-04-24,12:28:42,-07:00,2026-04-24T12:28:42-07:00,0,61
projects/projects.js,11,js,e9e60fa0,dayoungin-ucsd,2026-05-01,16:07:13,-07:00,2026-05-01T16:07:13-07:00,0,55
projects/projects.js,12,js,e9e60fa0,dayoungin-ucsd,2026-05-01,16:07:13,-07:00,2026-05-01T16:07:13-07:00,0,0
projects/projects.js,13,js,e9e60fa0,dayoungin-ucsd,2026-05-01,16:07:13,-07:00,2026-05-01T16:07:13-07:00,0,57
projects/projects.js,14,js,e9e60fa0,dayoungin-ucsd,2026-05-01,16:07:13,-07:00,2026-05-01T16:07:13-07:00,0,0
projects/projects.js,15,js,967ef7df,dayoungin-ucsd,2026-05-01,16:33:32,-07:00,2026-05-01T16:33:32-07:00,0,13
projects/projects.js,16,js,7a88cfd5,dayoungin-ucsd,2026-05-01,17:03:41,-07:00,2026-05-01T17:03:41-07:00,0,24
projects/projects.js,17,js,7a88cfd5,dayoungin-ucsd,2026-05-01,17:03:41,-07:00,2026-05-01T17:03:41-07:00,0,22
projects/projects.js,18,js,dac2abf6,dayoungin-ucsd,2026-05-01,16:19:46,-07:00,2026-05-01T16:19:46-07:00,0,0
projects/projects.js,19,js,967ef7df,dayoungin-ucsd,2026-05-01,16:33:32,-07:00,2026-05-01T16:33:32-07:00,0,53
projects/projects.js,20,js,e9e60fa0,dayoungin-ucsd,2026-05-01,16:07:13,-07:00,2026-05-01T16:07:13-07:00,0,0
projects/projects.js,21,js,82be9933,dayoungin-ucsd,2026-05-01,16:57:44,-07:00,2026-05-01T16:57:44-07:00,0,52
projects/projects.js,22,js,82be9933,dayoungin-ucsd,2026-05-01,16:57:44,-07:00,2026-05-01T16:57:44-07:00,0,32
projects/projects.js,23,js,82be9933,dayoungin-ucsd,2026-05-01,16:57:44,-07:00,2026-05-01T16:57:44-07:00,0,0
projects/projects.js,24,js,82be9933,dayoungin-ucsd,2026-05-01,16:57:44,-07:00,2026-05-01T16:57:44-07:00,0,58
projects/projects.js,25,js,82be9933,dayoungin-ucsd,2026-05-01,16:57:44,-07:00,2026-05-01T16:57:44-07:00,0,70
projects/projects.js,26,js,82be9933,dayoungin-ucsd,2026-05-01,16:57:44,-07:00,2026-05-01T16:57:44-07:00,0,53
projects/projects.js,27,js,82be9933,dayoungin-ucsd,2026-05-01,16:57:44,-07:00,2026-05-01T16:57:44-07:00,0,8
projects/projects.js,28,js,82be9933,dayoungin-ucsd,2026-05-01,16:57:44,-07:00,2026-05-01T16:57:44-07:00,0,63
projects/projects.js,29,js,82be9933,dayoungin-ucsd,2026-05-01,16:57:44,-07:00,2026-05-01T16:57:44-07:00,0,38
projects/projects.js,30,js,82be9933,dayoungin-ucsd,2026-05-01,16:57:44,-07:00,2026-05-01T16:57:44-07:00,0,4
projects/projects.js,31,js,82be9933,dayoungin-ucsd,2026-05-01,16:57:44,-07:00,2026-05-01T16:57:44-07:00,0,0
projects/projects.js,32,js,967ef7df,dayoungin-ucsd,2026-05-01,16:33:32,-07:00,2026-05-01T16:33:32-07:00,0,49
projects/projects.js,33,js,967ef7df,dayoungin-ucsd,2026-05-01,16:33:32,-07:00,2026-05-01T16:33:32-07:00,2,25
projects/projects.js,34,js,7a88cfd5,dayoungin-ucsd,2026-05-01,17:03:41,-07:00,2026-05-01T17:03:41-07:00,2,18
projects/projects.js,35,js,82be9933,dayoungin-ucsd,2026-05-01,16:57:44,-07:00,2026-05-01T16:57:44-07:00,2,13
projects/projects.js,36,js,04d99cdf,dayoungin-ucsd,2026-05-01,16:14:52,-07:00,2026-05-01T16:14:52-07:00,0,1
projects/projects.js,37,js,04d99cdf,dayoungin-ucsd,2026-05-01,16:14:52,-07:00,2026-05-01T16:14:52-07:00,0,0
projects/projects.js,38,js,967ef7df,dayoungin-ucsd,2026-05-01,16:33:32,-07:00,2026-05-01T16:33:32-07:00,0,47
projects/projects.js,39,js,967ef7df,dayoungin-ucsd,2026-05-01,16:33:32,-07:00,2026-05-01T16:33:32-07:00,0,0
projects/projects.js,40,js,967ef7df,dayoungin-ucsd,2026-05-01,16:33:32,-07:00,2026-05-01T16:33:32-07:00,0,38
projects/projects.js,41,js,967ef7df,dayoungin-ucsd,2026-05-01,16:33:32,-07:00,2026-05-01T16:33:32-07:00,2,29
projects/projects.js,42,js,967ef7df,dayoungin-ucsd,2026-05-01,16:33:32,-07:00,2026-05-01T16:33:32-07:00,4,12
projects/projects.js,43,js,967ef7df,dayoungin-ucsd,2026-05-01,16:33:32,-07:00,2026-05-01T16:33:32-07:00,4,14
projects/projects.js,44,js,967ef7df,dayoungin-ucsd,2026-05-01,16:33:32,-07:00,2026-05-01T16:33:32-07:00,4,12
projects/projects.js,45,js,967ef7df,dayoungin-ucsd,2026-05-01,16:33:32,-07:00,2026-05-01T16:33:32-07:00,2,0
projects/projects.js,46,js,967ef7df,dayoungin-ucsd,2026-05-01,16:33:32,-07:00,2026-05-01T16:33:32-07:00,0,0
projects/projects.js,47,js,967ef7df,dayoungin-ucsd,2026-05-01,16:33:32,-07:00,2026-05-01T16:33:32-07:00,2,50
projects/projects.js,48,js,967ef7df,dayoungin-ucsd,2026-05-01,16:33:32,-07:00,2026-05-01T16:33:32-07:00,4,35
projects/projects.js,49,js,967ef7df,dayoungin-ucsd,2026-05-01,16:33:32,-07:00,2026-05-01T16:33:32-07:00,2,1
projects/projects.js,50,js,967ef7df,dayoungin-ucsd,2026-05-01,16:33:32,-07:00,2026-05-01T16:33:32-07:00,0,0
projects/projects.js,51,js,967ef7df,dayoungin-ucsd,2026-05-01,16:33:32,-07:00,2026-05-01T16:33:32-07:00,2,53
projects/projects.js,52,js,967ef7df,dayoungin-ucsd,2026-05-01,16:33:32,-07:00,2026-05-01T16:33:32-07:00,2,42
projects/projects.js,53,js,967ef7df,dayoungin-ucsd,2026-05-01,16:33:32,-07:00,2026-05-01T16:33:32-07:00,2,51
projects/projects.js,54,js,967ef7df,dayoungin-ucsd,2026-05-01,16:33:32,-07:00,2026-05-01T16:33:32-07:00,0,0
projects/projects.js,55,js,967ef7df,dayoungin-ucsd,2026-05-01,16:33:32,-07:00,2026-05-01T16:33:32-07:00,2,28
projects/projects.js,56,js,967ef7df,dayoungin-ucsd,2026-05-01,16:33:32,-07:00,2026-05-01T16:33:32-07:00,2,32
projects/projects.js,57,js,967ef7df,dayoungin-ucsd,2026-05-01,16:33:32,-07:00,2026-05-01T16:33:32-07:00,0,0
projects/projects.js,58,js,967ef7df,dayoungin-ucsd,2026-05-01,16:33:32,-07:00,2026-05-01T16:33:32-07:00,2,32
projects/projects.js,59,js,967ef7df,dayoungin-ucsd,2026-05-01,16:33:32,-07:00,2026-05-01T16:33:32-07:00,2,30
projects/projects.js,60,js,967ef7df,dayoungin-ucsd,2026-05-01,16:33:32,-07:00,2026-05-01T16:33:32-07:00,0,0
projects/projects.js,61,js,362aa273,dayoungin-ucsd,2026-05-01,17:07:42,-07:00,2026-05-01T17:07:42-07:00,2,30
projects/projects.js,62,js,362aa273,dayoungin-ucsd,2026-05-01,17:07:42,-07:00,2026-05-01T17:07:42-07:00,2,11
projects/projects.js,63,js,362aa273,dayoungin-ucsd,2026-05-01,17:07:42,-07:00,2026-05-01T17:07:42-07:00,2,24
projects/projects.js,64,js,362aa273,dayoungin-ucsd,2026-05-01,17:07:42,-07:00,2026-05-01T17:07:42-07:00,2,24
projects/projects.js,65,js,362aa273,dayoungin-ucsd,2026-05-01,17:07:42,-07:00,2026-05-01T17:07:42-07:00,2,33
projects/projects.js,66,js,362aa273,dayoungin-ucsd,2026-05-01,17:07:42,-07:00,2026-05-01T17:07:42-07:00,2,29
projects/projects.js,67,js,362aa273,dayoungin-ucsd,2026-05-01,17:07:42,-07:00,2026-05-01T17:07:42-07:00,2,58
projects/projects.js,68,js,362aa273,dayoungin-ucsd,2026-05-01,17:07:42,-07:00,2026-05-01T17:07:42-07:00,2,28
projects/projects.js,69,js,362aa273,dayoungin-ucsd,2026-05-01,17:07:42,-07:00,2026-05-01T17:07:42-07:00,0,0
projects/projects.js,70,js,362aa273,dayoungin-ucsd,2026-05-01,17:07:42,-07:00,2026-05-01T17:07:42-07:00,2,19
projects/projects.js,71,js,362aa273,dayoungin-ucsd,2026-05-01,17:07:42,-07:00,2026-05-01T17:07:42-07:00,2,31
projects/projects.js,72,js,362aa273,dayoungin-ucsd,2026-05-01,17:07:42,-07:00,2026-05-01T17:07:42-07:00,2,41
projects/projects.js,73,js,362aa273,dayoungin-ucsd,2026-05-01,17:07:42,-07:00,2026-05-01T17:07:42-07:00,2,56
projects/projects.js,74,js,362aa273,dayoungin-ucsd,2026-05-01,17:07:42,-07:00,2026-05-01T17:07:42-07:00,2,16
projects/projects.js,75,js,362aa273,dayoungin-ucsd,2026-05-01,17:07:42,-07:00,2026-05-01T17:07:42-07:00,0,0
projects/projects.js,76,js,362aa273,dayoungin-ucsd,2026-05-01,17:07:42,-07:00,2026-05-01T17:07:42-07:00,2,19
projects/projects.js,77,js,362aa273,dayoungin-ucsd,2026-05-01,17:07:42,-07:00,2026-05-01T17:07:42-07:00,2,33
projects/projects.js,78,js,362aa273,dayoungin-ucsd,2026-05-01,17:07:42,-07:00,2026-05-01T17:07:42-07:00,2,45
projects/projects.js,79,js,362aa273,dayoungin-ucsd,2026-05-01,17:07:42,-07:00,2026-05-01T17:07:42-07:00,2,83
projects/projects.js,80,js,362aa273,dayoungin-ucsd,2026-05-01,17:07:42,-07:00,2026-05-01T17:07:42-07:00,2,20
projects/projects.js,81,js,362aa273,dayoungin-ucsd,2026-05-01,17:07:42,-07:00,2026-05-01T17:07:42-07:00,0,0
projects/projects.js,82,js,362aa273,dayoungin-ucsd,2026-05-01,17:07:42,-07:00,2026-05-01T17:07:42-07:00,2,40
projects/projects.js,83,js,362aa273,dayoungin-ucsd,2026-05-01,17:07:42,-07:00,2026-05-01T17:07:42-07:00,2,67
projects/projects.js,84,js,362aa273,dayoungin-ucsd,2026-05-01,17:07:42,-07:00,2026-05-01T17:07:42-07:00,2,21
projects/projects.js,85,js,362aa273,dayoungin-ucsd,2026-05-01,17:07:42,-07:00,2026-05-01T17:07:42-07:00,2,65
projects/projects.js,86,js,362aa273,dayoungin-ucsd,2026-05-01,17:07:42,-07:00,2026-05-01T17:07:42-07:00,0,0
projects/projects.js,87,js,362aa273,dayoungin-ucsd,2026-05-01,17:07:42,-07:00,2026-05-01T17:07:42-07:00,2,68
projects/projects.js,88,js,362aa273,dayoungin-ucsd,2026-05-01,17:07:42,-07:00,2026-05-01T17:07:42-07:00,2,50
projects/projects.js,89,js,362aa273,dayoungin-ucsd,2026-05-01,17:07:42,-07:00,2026-05-01T17:07:42-07:00,2,19
projects/projects.js,90,js,362aa273,dayoungin-ucsd,2026-05-01,17:07:42,-07:00,2026-05-01T17:07:42-07:00,0,0
projects/projects.js,91,js,362aa273,dayoungin-ucsd,2026-05-01,17:07:42,-07:00,2026-05-01T17:07:42-07:00,2,75
projects/projects.js,92,js,362aa273,dayoungin-ucsd,2026-05-01,17:07:42,-07:00,2026-05-01T17:07:42-07:00,2,14
projects/projects.js,93,js,362aa273,dayoungin-ucsd,2026-05-01,17:07:42,-07:00,2026-05-01T17:07:42-07:00,2,28
projects/projects.js,94,js,362aa273,dayoungin-ucsd,2026-05-01,17:07:42,-07:00,2026-05-01T17:07:42-07:00,2,12
projects/projects.js,95,js,362aa273,dayoungin-ucsd,2026-05-01,17:07:42,-07:00,2026-05-01T17:07:42-07:00,2,4
projects/projects.js,96,js,362aa273,dayoungin-ucsd,2026-05-01,17:07:42,-07:00,2026-05-01T17:07:42-07:00,0,0
projects/projects.js,97,js,362aa273,dayoungin-ucsd,2026-05-01,17:07:42,-07:00,2026-05-01T17:07:42-07:00,2,30
projects/projects.js,98,js,362aa273,dayoungin-ucsd,2026-05-01,17:07:42,-07:00,2026-05-01T17:07:42-07:00,2,11
projects/projects.js,99,js,362aa273,dayoungin-ucsd,2026-05-01,17:07:42,-07:00,2026-05-01T17:07:42-07:00,2,22
projects/projects.js,100,js,362aa273,dayoungin-ucsd,2026-05-01,17:07:42,-07:00,2026-05-01T17:07:42-07:00,2,49
projects/projects.js,101,js,362aa273,dayoungin-ucsd,2026-05-01,17:07:42,-07:00,2026-05-01T17:07:42-07:00,2,38
projects/projects.js,102,js,362aa273,dayoungin-ucsd,2026-05-01,17:07:42,-07:00,2026-05-01T17:07:42-07:00,2,80
projects/projects.js,103,js,362aa273,dayoungin-ucsd,2026-05-01,17:07:42,-07:00,2026-05-01T17:07:42-07:00,2,4
projects/projects.js,104,js,362aa273,dayoungin-ucsd,2026-05-01,17:07:42,-07:00,2026-05-01T17:07:42-07:00,0,2
projects/projects.js,105,js,362aa273,dayoungin-ucsd,2026-05-01,17:07:42,-07:00,2026-05-01T17:07:42-07:00,0,0
projects/projects.js,106,js,9fabcacf,dayoungin-ucsd,2026-05-01,16:50:58,-07:00,2026-05-01T16:50:58-07:00,2,27
projects/projects.js,107,js,967ef7df,dayoungin-ucsd,2026-05-01,16:33:32,-07:00,2026-05-01T16:33:32-07:00,4,4
projects/projects.js,108,js,967ef7df,dayoungin-ucsd,2026-05-01,16:33:32,-07:00,2026-05-01T16:33:32-07:00,6,13
projects/projects.js,109,js,967ef7df,dayoungin-ucsd,2026-05-01,16:33:32,-07:00,2026-05-01T16:33:32-07:00,6,13
projects/projects.js,110,js,9fabcacf,dayoungin-ucsd,2026-05-01,16:50:58,-07:00,2026-05-01T16:50:58-07:00,6,22
projects/projects.js,111,js,9fabcacf,dayoungin-ucsd,2026-05-01,16:50:58,-07:00,2026-05-01T16:50:58-07:00,6,18
projects/projects.js,112,js,7a88cfd5,dayoungin-ucsd,2026-05-01,17:03:41,-07:00,2026-05-01T17:03:41-07:00,8,73
projects/projects.js,113,js,7a88cfd5,dayoungin-ucsd,2026-05-01,17:03:41,-07:00,2026-05-01T17:03:41-07:00,8,13
projects/projects.js,114,js,9fabcacf,dayoungin-ucsd,2026-05-01,16:50:58,-07:00,2026-05-01T16:50:58-07:00,6,1
projects/projects.js,115,js,967ef7df,dayoungin-ucsd,2026-05-01,16:33:32,-07:00,2026-05-01T16:33:32-07:00,2,1
projects/projects.js,116,js,967ef7df,dayoungin-ucsd,2026-05-01,16:33:32,-07:00,2026-05-01T16:33:32-07:00,0,0
projects/projects.js,117,js,967ef7df,dayoungin-ucsd,2026-05-01,16:33:32,-07:00,2026-05-01T16:33:32-07:00,2,27
projects/projects.js,118,js,967ef7df,dayoungin-ucsd,2026-05-01,16:33:32,-07:00,2026-05-01T16:33:32-07:00,4,4
projects/projects.js,119,js,967ef7df,dayoungin-ucsd,2026-05-01,16:33:32,-07:00,2026-05-01T16:33:32-07:00,6,11
projects/projects.js,120,js,967ef7df,dayoungin-ucsd,2026-05-01,16:33:32,-07:00,2026-05-01T16:33:32-07:00,6,38
projects/projects.js,121,js,7a88cfd5,dayoungin-ucsd,2026-05-01,17:03:41,-07:00,2026-05-01T17:03:41-07:00,6,79
projects/projects.js,122,js,967ef7df,dayoungin-ucsd,2026-05-01,16:33:32,-07:00,2026-05-01T16:33:32-07:00,6,69
projects/projects.js,123,js,82be9933,dayoungin-ucsd,2026-05-01,16:57:44,-07:00,2026-05-01T16:57:44-07:00,2,1
projects/projects.js,124,js,82be9933,dayoungin-ucsd,2026-05-01,16:57:44,-07:00,2026-05-01T16:57:44-07:00,0,0
projects/projects.js,125,js,82be9933,dayoungin-ucsd,2026-05-01,16:57:44,-07:00,2026-05-01T16:57:44-07:00,0,0
projects/projects.js,126,js,7a88cfd5,dayoungin-ucsd,2026-05-01,17:03:41,-07:00,2026-05-01T17:03:41-07:00,0,23
projects/projects.js,127,js,fc492bfc,dayoungin-ucsd,2026-05-01,17:13:02,-07:00,2026-05-01T17:13:02-07:00,2,56
projects/projects.js,128,js,7a88cfd5,dayoungin-ucsd,2026-05-01,17:03:41,-07:00,2026-05-01T17:03:41-07:00,4,59
projects/projects.js,129,js,7a88cfd5,dayoungin-ucsd,2026-05-01,17:03:41,-07:00,2026-05-01T17:03:41-07:00,4,42
projects/projects.js,130,js,7a88cfd5,dayoungin-ucsd,2026-05-01,17:03:41,-07:00,2026-05-01T17:03:41-07:00,2,1
projects/projects.js,131,js,7a88cfd5,dayoungin-ucsd,2026-05-01,17:03:41,-07:00,2026-05-01T17:03:41-07:00,0,0
projects/projects.js,132,js,fc492bfc,dayoungin-ucsd,2026-05-01,17:13:02,-07:00,2026-05-01T17:13:02-07:00,2,44
projects/projects.js,133,js,fc492bfc,dayoungin-ucsd,2026-05-01,17:13:02,-07:00,2026-05-01T17:13:02-07:00,0,0
projects/projects.js,134,js,7a88cfd5,dayoungin-ucsd,2026-05-01,17:03:41,-07:00,2026-05-01T17:03:41-07:00,2,26
projects/projects.js,135,js,fc492bfc,dayoungin-ucsd,2026-05-01,17:13:02,-07:00,2026-05-01T17:13:02-07:00,4,59
projects/projects.js,136,js,7a88cfd5,dayoungin-ucsd,2026-05-01,17:03:41,-07:00,2026-05-01T17:03:41-07:00,6,27
projects/projects.js,137,js,7a88cfd5,dayoungin-ucsd,2026-05-01,17:03:41,-07:00,2026-05-01T17:03:41-07:00,4,0
projects/projects.js,138,js,7a88cfd5,dayoungin-ucsd,2026-05-01,17:03:41,-07:00,2026-05-01T17:03:41-07:00,2,0
projects/projects.js,139,js,7a88cfd5,dayoungin-ucsd,2026-05-01,17:03:41,-07:00,2026-05-01T17:03:41-07:00,0,0
projects/projects.js,140,js,fc492bfc,dayoungin-ucsd,2026-05-01,17:13:02,-07:00,2026-05-01T17:13:02-07:00,2,57
projects/projects.js,141,js,fc492bfc,dayoungin-ucsd,2026-05-01,17:13:02,-07:00,2026-05-01T17:13:02-07:00,2,36
projects/projects.js,142,js,7a88cfd5,dayoungin-ucsd,2026-05-01,17:03:41,-07:00,2026-05-01T17:03:41-07:00,0,0
projects/projects.js,143,js,9fabcacf,dayoungin-ucsd,2026-05-01,16:50:58,-07:00,2026-05-01T16:50:58-07:00,0,23
projects/index.html,1,html,9a0bc183,dayoungin-ucsd,2026-04-03,00:19:18,-07:00,2026-04-03T00:19:18-07:00,0,13
projects/index.html,2,html,9a0bc183,dayoungin-ucsd,2026-04-03,00:19:18,-07:00,2026-04-03T00:19:18-07:00,0,14
projects/index.html,3,html,9a0bc183,dayoungin-ucsd,2026-04-03,00:19:18,-07:00,2026-04-03T00:19:18-07:00,0,4
projects/index.html,4,html,9a0bc183,dayoungin-ucsd,2026-04-03,00:19:18,-07:00,2026-04-03T00:19:18-07:00,2,20
projects/index.html,5,html,9a0bc183,dayoungin-ucsd,2026-04-03,00:19:18,-07:00,2026-04-03T00:19:18-07:00,2,68
projects/index.html,6,html,9a0bc183,dayoungin-ucsd,2026-04-03,00:19:18,-07:00,2026-04-03T00:19:18-07:00,2,29
projects/index.html,7,html,b88ea84d,dayoungin-ucsd,2026-04-03,00:21:14,-07:00,2026-04-03T00:21:14-07:00,2,41
projects/index.html,8,html,9a0bc183,dayoungin-ucsd,2026-04-03,00:19:18,-07:00,2026-04-03T00:19:18-07:00,0,5
projects/index.html,9,html,9a0bc183,dayoungin-ucsd,2026-04-03,00:19:18,-07:00,2026-04-03T00:19:18-07:00,0,4
projects/index.html,10,html,4020baba,dayoungin-ucsd,2026-04-24,11:52:32,-07:00,2026-04-24T11:52:32-07:00,2,38
projects/index.html,11,html,e9e60fa0,dayoungin-ucsd,2026-05-01,16:07:13,-07:00,2026-05-01T16:07:13-07:00,0,0
projects/index.html,12,html,04d99cdf,dayoungin-ucsd,2026-05-01,16:14:52,-07:00,2026-05-01T16:14:52-07:00,2,21
projects/index.html,13,html,04d99cdf,dayoungin-ucsd,2026-05-01,16:14:52,-07:00,2026-05-01T16:14:52-07:00,4,58
projects/index.html,14,html,04d99cdf,dayoungin-ucsd,2026-05-01,16:14:52,-07:00,2026-05-01T16:14:52-07:00,4,22
projects/index.html,15,html,04d99cdf,dayoungin-ucsd,2026-05-01,16:14:52,-07:00,2026-05-01T16:14:52-07:00,2,4
projects/index.html,16,html,e9e60fa0,dayoungin-ucsd,2026-05-01,16:07:13,-07:00,2026-05-01T16:07:13-07:00,0,0
projects/index.html,17,html,967ef7df,dayoungin-ucsd,2026-05-01,16:33:32,-07:00,2026-05-01T16:33:32-07:00,2,4
projects/index.html,18,html,967ef7df,dayoungin-ucsd,2026-05-01,16:33:32,-07:00,2026-05-01T16:33:32-07:00,4,15
projects/index.html,19,html,967ef7df,dayoungin-ucsd,2026-05-01,16:33:32,-07:00,2026-05-01T16:33:32-07:00,4,11
projects/index.html,20,html,967ef7df,dayoungin-ucsd,2026-05-01,16:33:32,-07:00,2026-05-01T16:33:32-07:00,4,26
projects/index.html,21,html,967ef7df,dayoungin-ucsd,2026-05-01,16:33:32,-07:00,2026-05-01T16:33:32-07:00,4,31
projects/index.html,22,html,967ef7df,dayoungin-ucsd,2026-05-01,16:33:32,-07:00,2026-05-01T16:33:32-07:00,2,0
projects/index.html,23,html,967ef7df,dayoungin-ucsd,2026-05-01,16:33:32,-07:00,2026-05-01T16:33:32-07:00,0,0
projects/index.html,24,html,815fec59,dayoungin-ucsd,2026-04-10,19:58:15,-07:00,2026-04-10T19:58:15-07:00,2,20
projects/index.html,25,html,815fec59,dayoungin-ucsd,2026-04-10,19:58:15,-07:00,2026-04-10T19:58:15-07:00,2,4
projects/index.html,26,html,4020baba,dayoungin-ucsd,2026-04-24,11:52:32,-07:00,2026-04-24T11:52:32-07:00,2,48
projects/index.html,27,html,4020baba,dayoungin-ucsd,2026-04-24,11:52:32,-07:00,2026-04-24T11:52:32-07:00,2,47
projects/index.html,28,html,9a0bc183,dayoungin-ucsd,2026-04-03,00:19:18,-07:00,2026-04-03T00:19:18-07:00,0,5
projects/index.html,29,html,9a0bc183,dayoungin-ucsd,2026-04-03,00:19:18,-07:00,2026-04-03T00:19:18-07:00,0,5
contact/index.html,1,html,f9caa545,dayoungin-ucsd,2026-04-01,21:58:55,-07:00,2026-04-01T21:58:55-07:00,0,13
contact/index.html,2,html,f9caa545,dayoungin-ucsd,2026-04-01,21:58:55,-07:00,2026-04-01T21:58:55-07:00,0,14
contact/index.html,3,html,f9caa545,dayoungin-ucsd,2026-04-01,21:58:55,-07:00,2026-04-01T21:58:55-07:00,0,4
contact/index.html,4,html,f9caa545,dayoungin-ucsd,2026-04-01,21:58:55,-07:00,2026-04-01T21:58:55-07:00,2,20
contact/index.html,5,html,f9caa545,dayoungin-ucsd,2026-04-01,21:58:55,-07:00,2026-04-01T21:58:55-07:00,2,68
contact/index.html,6,html,f9caa545,dayoungin-ucsd,2026-04-01,21:58:55,-07:00,2026-04-01T21:58:55-07:00,2,33
contact/index.html,7,html,b88ea84d,dayoungin-ucsd,2026-04-03,00:21:14,-07:00,2026-04-03T00:21:14-07:00,2,41
contact/index.html,8,html,f9caa545,dayoungin-ucsd,2026-04-01,21:58:55,-07:00,2026-04-01T21:58:55-07:00,0,5
contact/index.html,9,html,f9caa545,dayoungin-ucsd,2026-04-01,21:58:55,-07:00,2026-04-01T21:58:55-07:00,0,4
contact/index.html,10,html,f9caa545,dayoungin-ucsd,2026-04-01,21:58:55,-07:00,2026-04-01T21:58:55-07:00,2,26
contact/index.html,11,html,82a34c88,dayoungin-ucsd,2026-04-03,00:30:30,-07:00,2026-04-03T00:30:30-07:00,0,0
contact/index.html,12,html,822a5896,dayoungin-ucsd,2026-04-17,15:09:40,-07:00,2026-04-17T15:09:40-07:00,2,47
contact/index.html,13,html,82a34c88,dayoungin-ucsd,2026-04-03,00:30:30,-07:00,2026-04-03T00:30:30-07:00,0,0
contact/index.html,14,html,82a34c88,dayoungin-ucsd,2026-04-03,00:30:30,-07:00,2026-04-03T00:30:30-07:00,2,5
contact/index.html,15,html,10272278,dayoungin-ucsd,2026-04-10,19:53:44,-07:00,2026-04-10T19:53:44-07:00,4,17
contact/index.html,16,html,dfa63c0d,dayoungin-ucsd,2026-04-03,00:33:24,-07:00,2026-04-03T00:33:24-07:00,4,31
contact/index.html,17,html,82a34c88,dayoungin-ucsd,2026-04-03,00:30:30,-07:00,2026-04-03T00:30:30-07:00,2,6
contact/index.html,18,html,82a34c88,dayoungin-ucsd,2026-04-03,00:30:30,-07:00,2026-04-03T00:30:30-07:00,0,0
contact/index.html,19,html,82a34c88,dayoungin-ucsd,2026-04-03,00:30:30,-07:00,2026-04-03T00:30:30-07:00,2,5
contact/index.html,20,html,7b735910,dayoungin-ucsd,2026-04-10,19:54:53,-07:00,2026-04-10T19:54:53-07:00,4,19
contact/index.html,21,html,dfa63c0d,dayoungin-ucsd,2026-04-03,00:33:24,-07:00,2026-04-03T00:33:24-07:00,4,20
contact/index.html,22,html,82a34c88,dayoungin-ucsd,2026-04-03,00:30:30,-07:00,2026-04-03T00:30:30-07:00,2,6
contact/index.html,23,html,82a34c88,dayoungin-ucsd,2026-04-03,00:30:30,-07:00,2026-04-03T00:30:30-07:00,0,0
contact/index.html,24,html,82a34c88,dayoungin-ucsd,2026-04-03,00:30:30,-07:00,2026-04-03T00:30:30-07:00,2,5
contact/index.html,25,html,10272278,dayoungin-ucsd,2026-04-10,19:53:44,-07:00,2026-04-10T19:53:44-07:00,4,16
contact/index.html,26,html,dfa63c0d,dayoungin-ucsd,2026-04-03,00:33:24,-07:00,2026-04-03T00:33:24-07:00,4,31
contact/index.html,27,html,82a34c88,dayoungin-ucsd,2026-04-03,00:30:30,-07:00,2026-04-03T00:30:30-07:00,2,6
contact/index.html,28,html,82a34c88,dayoungin-ucsd,2026-04-03,00:30:30,-07:00,2026-04-03T00:30:30-07:00,0,0
contact/index.html,29,html,82a34c88,dayoungin-ucsd,2026-04-03,00:30:30,-07:00,2026-04-03T00:30:30-07:00,2,21
contact/index.html,30,html,82a34c88,dayoungin-ucsd,2026-04-03,00:30:30,-07:00,2026-04-03T00:30:30-07:00,0,0
contact/index.html,31,html,ef8f59fa,dayoungin-ucsd,2026-04-16,02:46:11,-07:00,2026-04-16T02:46:11-07:00,2,5
contact/index.html,32,html,ef8f59fa,dayoungin-ucsd,2026-04-16,02:46:11,-07:00,2026-04-16T02:46:11-07:00,2,48
contact/index.html,33,html,f9caa545,dayoungin-ucsd,2026-04-01,21:58:55,-07:00,2026-04-01T21:58:55-07:00,0,5
contact/index.html,34,html,f9caa545,dayoungin-ucsd,2026-04-01,21:58:55,-07:00,2026-04-01T21:58:55-07:00,0,5
